{
  "project_info": {
    "project_number": "550775540000",
    "firebase_url": "https://car-parking-37f6c.firebaseio.com",
    "project_id": "car-parking-37f6c",
    "storage_bucket": "car-parking-37f6c.appspot.com"
  },
  "client": [
    {
      "client_info": {
        "mobilesdk_app_id": "1:550775540000:android:7f8449820b5b52d7e96f45",
        "android_client_info": {
          "package_name": "com.example.parkingspotbooking"
        }
      },
      "oauth_client": [
        {
          "client_id": "550775540000-m4ukenflonvvcvff7jcmtbso4972cv4n.apps.googleusercontent.com",
          "client_type": 1,
          "android_info": {
            "package_name": "com.example.parkingspotbooking",
            "certificate_hash": "a5a6a9d8c1206ee8ce3e2f176081ec014fa0fde5"
          }
        },
        {
          "client_id": "550775540000-20meevl415usp6dqco10ohaoc8smn6mb.apps.googleusercontent.com",
          "client_type": 3
        }
      ],
      "api_key": [
        {
          "current_key": "AIzaSyCUIptUD8OG_bmmEYQi-nWTxmNG_3g_3hw"
        }
      ],
      "services": {
        "appinvite_service": {
          "other_platform_oauth_client": [
            {
              "client_id": "550775540000-20meevl415usp6dqco10ohaoc8smn6mb.apps.googleusercontent.com",
              "client_type": 3
            }
          ]
        }
      }
    }
  ],
  "configuration_version": "1"
}